,blockArea,floorSum,groundSum,Pop,DensityB,DensityF,DensityG
0,326185.8825803893,34906.044620890956,354303.1642913172,1953.0,5987.383588002704,55950.19490782255,5512.228500432451
1,326185.8825803893,72594.26915211612,365454.80587887234,279.0,855.3405125718148,3843.2785846411016,763.4322917960826
2,326185.88257929776,480792.06639081525,713083.0846795188,4.0,12.262946416841249,8.319604834636708,5.609444517671768
3,326185.8825803893,219213.0174787528,517089.3346099846,4.0,12.262946416800212,18.247091555079294,7.735607238963855
4,326185.8825803893,243577.15594955237,529690.3583664867,1.0,3.065736604200053,4.1054753106942075,1.887895417020431
5,326185.88257929776,89216.89622668493,391904.95753100445,1.0,3.0657366042103122,11.208639196090957,2.551639066522622
6,326185.8825803893,2309.1078396257067,327340.43650020217,1.0,3.065736604200053,433.0676908368621,3.0549235245471498
7,326185.8825803893,617.9868653894853,326283.15763753594,1.0,3.065736604200053,1618.157368716488,3.064822613709311
8,326185.88257929776,1736.3276112904741,326608.5134622122,2.0,6.1314732084206245,1151.8563587856322,6.123539092104514
9,326185.8825803893,8075.15489425862,329080.9008280434,2.0,6.131473208400106,247.67326771923427,6.077532895307929
10,326185.8825803893,13872.9347416988,331109.35193880403,2.0,6.131473208400106,144.16560282580062,6.040300548109079
11,326185.8825803893,18208.830988168877,334218.744236743,96.0,294.3107140032051,5272.167118382045,287.23703160107215
12,326185.8825803893,74.84470421821426,326185.8825803893,60.0,183.94419625200317,801659.9253978794,183.94419625200317
13,326185.88257929776,2947.370475085392,326368.3160490063,60.0,183.94419625261875,20357.128670179023,183.84137506470026
14,326185.8825803893,139.29846658009734,326185.8825803893,1.0,3.065736604200053,7178.829922187226,3.065736604200053
15,326195.263585483,82360.99184885365,401817.81597051525,4381.0,13430.605802931628,53192.65712632354,10902.951103396248
16,326195.26358657464,3939.970985405658,327746.60522233887,386.0,1183.340296716334,97970.26461103687,1177.7391248282886
17,326195.263585483,255074.56217663424,542101.9734931865,386.0,1183.340296720294,1513.283005197133,712.0431558525796
18,326195.26358439145,751435.4705164817,928249.8271533342,1.0,3.0656484371094663,1.3307862607452816,1.0772961876725604
19,326195.263585483,129737.59843814258,429083.80817085545,1.0,3.0656484370992074,7.707865815604631,2.3305470422268026
20,326195.26358439145,62.70773103948194,326195.26358439145,2.0,6.131296874218933,31893.9940394393,6.131296874218933
21,326195.263585483,915.4143879629137,326523.16946525464,2.0,6.131296874198415,2184.802889596953,6.125139613447309
22,326195.263585483,23629.401397500198,335574.4645435895,2.0,6.131296874198415,84.64031595026287,5.9599290509788165
23,326195.263585483,15128.676842322986,333634.78084972635,139.0,426.1251327567898,9187.849105953721,416.6232298862375
24,326195.263585483,68.84585750002468,326229.686514233,205.0,628.4579296053375,2977666.448557584,628.3916163192466
25,326195.26358439145,5160.694187088738,326195.26358439145,205.0,628.4579296074405,39723.33809526603,628.4579296074405
26,326204.6476146281,284389.93736453727,553270.5021184415,41.0,125.68797011266564,144.16825145063166,74.10480017100734
27,326204.6476146281,3612.4133209755514,327618.24963830656,1.0,3.0655602466503815,276.8232511472261,3.0523330159538085
28,326204.6476146281,16449.354729548628,333381.76251789276,1.0,3.0655602466503815,60.79265821921029,2.9995642006551857
29,326204.6476146281,41496.68955587795,343295.1199055178,1.0,3.0655602466503815,24.098307857869866,2.9129455736953718
30,326204.64761353645,13872.482414797172,332183.8099734058,1.0,3.06556024666064,72.08515174856835,3.0103815116096677
31,326214.0346676949,388272.74063576304,639331.4889497788,41.0,125.68435334722969,105.59587555094917,64.12948635980709
32,326223.424748367,242712.05601166774,517671.8296813107,3877.0,11884.492975912231,15973.660574214013,7489.300706949343
33,326223.4247472753,622873.0627522706,812459.3328304891,3877.0,11884.492975952002,6224.382192527023,4771.931151917599
34,326223.42474618356,350514.6195523465,612096.6566165212,18.0,55.17690832289191,51.3530648821107,29.40712027328881
35,326223.4247472753,375066.0532195187,612117.8639016219,18.0,55.176908322707256,47.99154667688616,29.406101441425857
36,326223.4247472753,84189.34212008429,368785.30621417146,10.0,30.65383795705959,118.77988054279368,27.116047823750648
37,326232.81784844474,127089.76561512909,434204.8815756344,13947.0,42751.6768300093,109741.33072395653,32120.7812067644
38,326232.8178495365,604620.0819550399,801644.8765104145,3877.0,11884.150790090442,6412.291148953761,4836.306092139831
39,326232.81784844474,365049.3268258156,605574.7095547132,3877.0,11884.150790130212,10620.482535090176,6402.182817130536
40,326232.817847353,253433.15707761265,509249.4850807518,18.0,55.175319634526616,71.02464495001966,35.34613294139264
41,326232.81784844474,175336.00793968534,446271.09303584107,18.0,55.17531963434197,102.66003094009021,40.334227963437414
42,326232.81784844474,7514.9075665155515,330527.8765167258,10.0,30.652955352412203,1330.688356641586,30.25463420932959
43,326242.2139768504,153387.42577831366,465695.70942847116,13947.0,42750.44553550528,90926.61884916949,29948.7405995571
44,326242.2139779421,580564.1413642708,826329.6809350677,13947.0,42750.44553536221,24023.185392101324,16878.251286118262
45,326242.21397903387,457948.45866830903,703435.3417907113,3877.0,11883.808513662054,8466.018231121729,5511.522907180713
46,326242.2139779421,274490.66322136,557631.7321028038,3877.0,11883.80851370182,14124.341988541284,6952.617250420829
47,326242.2139768504,622208.2139509572,757014.1421026723,18.0,55.17373052549616,28.929222720641825,23.7776271259655
48,326242.2139779421,232136.02741201944,489467.9968552973,18.0,55.17373052531153,77.54074281650261,36.77462084476462
49,326251.613132398,1797.798068039705,326688.2340713351,7411.0,22715.596495740545,4122264.9705485865,22685.236954024323
50,326251.613132398,30714.35117817146,341089.630318242,7411.0,22715.596495740545,241287.8578163475,21727.42687335707
51,326251.6131313062,451860.4872079574,723463.6441713725,3473.0,10645.15809337079,7686.00065356376,4800.5176597060945
52,326251.613132398,527609.1951871291,771148.1424893145,3473.0,10645.158093335165,6582.523639998765,4503.674208160494
53,326251.6131334898,206613.45640605432,481801.1463491618,5955.0,18252.783312870364,28821.93688438534,12359.870965695887
54,326251.613132398,315185.3543969123,576650.1191286875,5955.0,18252.783312931446,18893.644380762944,10326.885926942918
55,326251.6131313062,280580.9212522261,532091.3517791306,1041.0,3190.7888209614143,3710.159605129391,1956.430970958753
56,326251.613132398,359229.7684488809,601748.6748537162,1041.0,3190.7888209507364,2897.8667455510063,1729.958109592954
57,326251.613132398,317171.83386302914,595508.6857207589,64.0,196.1676124311692,201.78336525190457,107.47114447632148
58,326251.6131313062,27992.788336261096,345640.56542431854,64.0,196.16761243182566,2286.3031446244368,185.16345129059638
59,326251.613132398,37059.066894361094,348183.2600550063,7.0,21.45583260965913,188.8876484654588,20.10435538714335
60,326251.613132398,100782.10757435509,398500.1197811282,7.0,21.45583260965913,69.45677331500073,17.565866740127138
61,326251.613132398,7324.9482168350805,328463.5848713933,1.0,3.065118944237019,136.51973644014018,3.0444775191488587
62,326251.613132398,11075.786866732,329096.677807729,1.0,3.065118944237019,90.28703892846379,3.0386207684060507
63,326251.6131313062,7293.4724045045505,328334.7761298625,1.0,3.065118944247276,137.10890293934423,3.0456718955791673
64,326251.6131334898,9445.961703468301,328567.20916521933,1.0,3.0651189442267612,105.86534557225941,3.043517344718207
65,326251.613132398,121.18070658776483,326251.613132398,2.0,6.130237888474038,16504.277424323358,6.130237888474038
66,326251.6131313062,390.517429807265,326446.8718462098,2.0,6.130237888494552,5121.410332407122,6.12657118963666
67,326251.613132398,2337.2284634566513,327170.8795804452,3.0,9.195356832711056,1283.5715664540303,9.169520233118291
68,326261.0153144042,26132.14197070956,338918.0583035166,2604.0,7981.339718110768,99647.39985412279,7683.273098620196
69,326261.0153144042,112803.96651113831,405051.9323209915,2604.0,7981.339718110768,23084.2946443987,6428.805277088293
70,326261.01531331235,126722.0446730026,437618.3665870576,9487.0,29077.945432400255,74864.63799160234,21678.70620693591
71,326261.0153144042,243431.29219141396,534405.46017764,9487.0,29077.945432302942,38971.98225666164,17752.438376745733
72,326261.015315496,124294.5610673163,420818.6840612671,3291.0,10087.015749698403,26477.425655155075,7820.470251555804
73,326261.0153144042,48041.33741716583,352629.25677117676,3291.0,10087.015749732158,68503.50504239045,9332.748025883597
74,326261.01531331235,67940.86039460522,374012.69146390824,2006.0,6148.451411130484,29525.678484920758,5363.454358055057
75,326261.0153144042,302093.65593078424,578448.959110107,2006.0,6148.451411109909,6640.32481522755,3467.8945625315932
76,326261.0153144042,523087.9352846409,790192.0987452376,612.0,1875.7987355928533,1169.9753688009976,774.495215747927
77,326261.01531331235,121845.18317711184,423140.03181279957,612.0,1875.7987355991309,5022.767285846732,1446.3297111788127
78,326261.0153144042,49230.73139976031,360713.0881481087,1708.0,5235.072288223192,34693.77666016792,4735.065225298106
79,326261.0153144042,63028.99955465895,365389.7598117121,1708.0,5235.072288223192,27098.637326756503,4674.460501794425
80,326261.01531331235,43110.72397350804,353895.55225000915,2266.0,6945.359370698743,52562.32767959265,6403.019155208785
81,326261.0153144042,1256.9353525921306,326889.4829907003,73.0,223.74723480110833,58077.7681600369,223.3170652421289
82,326261.0153144042,20959.785077747394,333949.4017212737,73.0,223.74723480110833,3482.860140465024,218.59598976292955
83,326261.0153144042,34613.9103513922,340853.61002074555,37.0,113.40613270741107,1068.9344146438464,108.55099935056592
84,326261.01531331235,25494.37341996935,339321.2496783715,37.0,113.40613270779059,1451.3006219254037,109.0412110502091
85,326261.0153144042,31474.532455423814,345620.70834291924,37.0,113.40613270741107,1175.5536020241666,107.05377052606813
86,326261.0153144042,158506.26235072885,435318.4221911981,44.0,134.86134700340776,277.59155598938185,101.07543755792298
87,326261.01531331235,15854.347681870246,332299.11126746784,75.0,229.87729602930526,4730.563597123833,225.7002726066048
88,326261.015315496,9397.22304097411,330926.3738844957,75.0,229.8772960277667,7981.081184620425,226.6365147015375
89,326261.0153144042,408.91518926968206,326463.5566152104,104.0,318.7631838262365,254331.46708426956,318.56541991478906
90,326261.0153144042,12328.399366502897,329646.79171503097,104.0,318.7631838262365,8435.807188609991,315.4891921105201
91,326261.0153144042,12123.326952547553,330462.2664687648,111.0,340.2183981222332,9155.9025368589,335.8931147756069
92,326261.0153144042,27671.50015435154,336861.7447056342,18.0,55.17055104684863,650.4887664057264,53.434384529858846
93,326261.01531331235,7204.721825241685,328737.1023667703,18.0,55.170551047033264,2498.3615518557767,54.75499987804081
94,326270.42052001785,4490.521805557924,326728.8255188721,2547.0,7806.4079359095085,567194.6625106185,7795.455439094349
95,326270.4205211097,4321.041988933956,327716.5903145181,2547.0,7806.407935883385,589441.1594524612,7771.959294326779
96,326270.4205211097,715.8848316388754,326270.4205211097,2547.0,7806.407935883385,3557834.84638046,7806.407935883385
97,326270.42052001785,42261.76924600963,353945.9267951225,7904.0,24225.303622076466,187024.8250609219,22331.09467191337
98,326270.4205211097,205848.21005967964,447247.13280292455,2604.0,7981.109644695852,12650.097852417792,5822.284390467919
99,326270.4205211097,58837.11828982065,363551.9171273291,2604.0,7981.109644695852,44257.775970148345,7162.6633702717745
100,326270.42052001785,18954.359178215127,338520.34051031474,9487.0,29077.10721946349,500518.10830427456,28024.903867514957
101,326270.4205211097,264021.0765014594,539756.0190771744,9487.0,29077.107219366186,35932.73736215358,17576.459853509383
102,326270.4205222016,434105.38432344527,703170.6356619282,3291.0,10086.724977191301,7581.108456254315,4680.22956746768
103,326270.4205211097,367599.7298785553,625196.220351495,3291.0,10086.724977225056,8952.672519882577,5263.947370234819
104,326270.42052001785,173042.18381240024,477141.6596653463,2006.0,6148.274173315459,11592.549029401753,4204.202167982883
105,326270.4205211097,375734.919802673,658926.8396125927,2006.0,6148.274173294884,5338.870289334574,3044.344044597426
106,326270.4205211097,383931.78591285384,629616.218332031,612.0,1875.744663039117,1594.033165409529,972.0207043289012
107,326270.42052001785,301305.19001333945,544158.4014088709,612.0,1875.7446630453944,2031.1631537873789,1124.6725189126578
108,326270.4205211097,62326.75636106336,365707.8663280617,1708.0,5234.921379854268,27403.96099077311,4670.394479477295
109,326270.4205211097,149601.47214309117,421966.9040431971,1708.0,5234.921379854268,11416.999950149742,4047.7108124696683
110,326270.42052001785,75270.4247169551,375653.9942672586,2266.0,6945.159160883764,30104.78562491186,6032.146695045805
111,326270.4205222016,243.11578712112714,326270.4205222016,2266.0,6945.15916083728,9320661.676615082,6945.15916083728
112,326270.42052001785,914.2174489914444,326705.713215126,1233.0,3779.0738064296916,1348694.4504945003,3774.0386841294876
113,326270.4205211097,3907.336096695438,326609.6328663964,73.0,223.74078497035222,18682.80541869395,223.50841081855515
114,326270.4205211097,5489.29525751269,328958.3182877471,73.0,223.74078497035222,13298.610582131041,221.9126130628662
115,326270.4205211097,64654.42429413054,368302.03419822495,37.0,113.40286361511002,572.2732883936442,100.4610253661703
116,326270.42052001785,68729.4456713131,367357.52046537807,37.0,113.40286361548952,538.3427676246106,100.71932093054046
117,326270.4205211097,162204.02005957725,447823.8044582363,37.0,113.40286361511002,228.1077866406145,82.62178033336454
118,326270.4205211097,78599.32191708763,365371.20751406875,44.0,134.8574594341849,559.8012670696377,120.42547167131599
119,326270.42052001785,155616.47055533854,423982.0963426494,75.0,229.87066949085715,481.95412562919785,176.89426192040733
120,326270.4205222016,181693.11065642122,454087.76051559555,75.0,229.87066948931863,412.78395052536587,165.16631039524384
121,326270.42052001785,33604.50365419926,343461.570208507,104.0,318.75399502732193,3094.8232733978807,302.7995240831869
122,326270.4205211097,51439.37432705275,355004.7256414157,104.0,318.7539950262552,2021.7975307935428,292.95384677512334
123,326270.4205211097,1480.3814355635536,326515.01245118724,104.0,318.7539950262552,70252.16440951188,318.51521686326015
124,326270.4205211097,74.86131096374046,326270.4205211097,111.0,340.2085908453301,1482741.867207796,340.2085908453301
125,326279.82875549514,7657.984147139139,331648.9413171275,180.0,551.673698881603,23504.880206267364,542.7425737743616
126,326279.82875549514,3115.475644993494,328721.3235058773,180.0,551.673698881603,57776.08959622469,547.5762815757273
127,326279.82875549514,953.9087894144217,326659.73641821626,1140.0,3493.933426250152,1195082.8136302368,3489.869956119966
128,326279.82875549514,4171.474763836481,326933.4786231505,1140.0,3493.933426250152,273284.64500922663,3486.9478794310157
129,326279.8287544032,86.87963171092736,326323.2685702587,6695.0,20519.196744581623,77060639.7397738,20516.465250342822
130,326279.82875549514,84.261842818203,326279.82875549514,787.0,2412.040005665675,9339933.3990116,2412.040005665675
131,326279.8287544032,72149.86044822604,382569.0869657575,260.0,796.8620094983155,3603.610573669414,679.6158102112202
132,326279.8287544032,84757.78660871868,395934.9755235078,260.0,796.8620094983155,3067.564767828126,656.6734844685703
133,326279.82875549514,203321.6899464716,500229.07793479355,853.0,2614.3203619222627,4195.322202095453,1705.2187440234957
134,326279.828756587,98572.02285463047,387212.67011240456,853.0,2614.3203619135143,8653.571016372116,2202.9237828203845
135,326279.8287544032,277681.8683226782,558806.0243999095,2547.0,7806.182839200806,9172.366980188555,4557.932249809174
136,326279.82875549514,33274.29211879183,341685.4932418619,2547.0,7806.182839174682,76545.58032089789,7454.22340244661
137,326279.82875549514,1652.7775960502447,326648.1489273671,2547.0,7806.182839174682,1541042.1862486154,7797.380785299801
138,326279.8287544032,119605.98347759164,406601.20211145387,7904.0,24224.60508874879,66083.65041771364,19439.19486453812
139,326279.82875549514,152613.06914785496,409358.99851314415,2604.0,7980.87951048719,17062.758874714633,6361.164673204045
140,326279.82875549514,190133.90850237053,493118.51569828443,2604.0,7980.87951048719,13695.61074355937,5280.677802804838
141,326279.8287544032,244399.3732960202,546060.3118796897,9487.0,29076.268785040458,38817.61181322344,17373.538771464893
142,326279.82875549514,154037.35338605425,464569.086628782,9487.0,29076.26878494315,61588.95742789946,20421.07465402809
143,326279.828756587,318107.09970143496,583761.2777286351,3291.0,10086.434127851555,10345.572302815079,5637.5784512549335
144,326279.82875549514,313774.14187720267,576706.2927344278,3291.0,10086.434127885308,10488.435982363237,5706.544286860243
145,326279.8287544032,114380.095109271,424641.61892413785,2006.0,6148.096888667772,17538.016541108864,4723.983497148383
146,326279.82875549514,5603.586582624724,329114.7718035779,2006.0,6148.096888647197,357985.01021115447,6095.138145902548
147,326279.82875549514,342430.14837214333,568992.464249534,612.0,1875.6905761974501,1787.2258120651684,1075.5854223960423
148,326279.8287544032,254522.3235470345,515444.71136154135,612.0,1875.6905762037272,2404.5042158626425,1187.3242396520259
149,326279.82875549514,29456.599614265207,343339.0731254365,1708.0,5234.770431609877,57983.610544539966,4974.67411574212
150,326279.82875549514,17408.287799040063,336026.97104493255,1708.0,5234.770431609877,98114.18674352244,5082.9253220022365
151,326279.8287544032,130540.25954751551,407383.08958404924,2266.0,6944.958898166088,17358.629497555088,5562.332011163389
152,326279.828756587,36816.678635247896,344460.31102500827,2266.0,6944.958898119606,61548.19185211769,6578.406647944661
153,326279.82875549514,1886.0432040185747,327093.43373464554,1233.0,3778.96483733898,653749.6051908346,3769.5651237079583
154,326279.8287544032,82595.96812817983,367668.18644662446,1233.0,3778.9648373516266,14928.089444832465,3353.5672800969915
155,326279.82875549514,15011.95089165388,328283.387170028,73.0,223.73433343531676,4862.792353030241,222.36885219595675
156,326279.82875549514,5554.589309907655,329303.5321198845,73.0,223.73433343531676,13142.285761755738,221.6799787419954
157,326279.82875549514,104907.10915170779,384898.85812482046,37.0,113.39959365899617,352.6929709453125,96.12914982460435
158,326279.8287544032,129597.31749091529,400850.45853676146,37.0,113.39959365937567,285.4997365404086,92.30374872231006
159,326279.82875549514,171205.63984117145,477083.63146596204,37.0,113.39959365899617,216.11437587175945,77.55453668847953
160,326279.82875549514,223177.5928480979,490953.8790688508,44.0,134.85357083772516,197.1524087095422,89.62145300379528
161,326279.8287544032,227457.3251961933,482254.8698444235,75.0,229.86404120143715,329.7321813457041,155.51942487215354
162,326279.828756587,179312.26850390088,430973.81763251714,75.0,229.86404119989868,418.2647435435708,174.0244927452902
163,326279.8287544032,9185.245442910671,329477.55002103193,104.0,318.7448037993262,11322.506365931567,315.6512484488283
164,326279.82875549514,33099.167990097056,342782.89718284056,104.0,318.74480379825945,3142.072937637459,303.39903435884185
165,326279.82875549514,13903.39158982993,332185.4339013203,104.0,318.74480379825945,7480.189227790581,313.0781466802498
166,326279.82875549514,9415.251972684075,329768.721741659,111.0,340.1987809769885,11789.381773534886,336.5995398646615
167,326279.82875549514,1521.367503747048,326684.1115942991,18.0,55.167369888160295,11831.460811189241,55.09909836800926
168,326289.24001756054,19946.281508088454,340338.3367823344,6.0,18.38859289284895,300.8079474646404,17.629515548339004
169,326289.24001646857,24888.603307128753,341071.03042740596,18.0,55.16577867873148,723.2225841634241,52.77493071587956
170,326289.24001756054,73866.29439824892,380081.51947464683,18.0,55.16577867854686,243.6835385697473,47.35826152473767
171,326289.24001756054,116583.73051435205,406366.83798035653,406.0,1244.2947857494457,3482.4756268201536,999.097273827314
172,326289.24001756054,102837.14453051775,393534.575268074,406.0,1244.2947857494457,3947.989822680425,1031.6755515660464
173,326289.24001756054,113725.76739070061,413048.6396824707,645.0,1976.7737359812625,5671.537900325849,1561.5594340071932
174,326289.24001756054,237815.11346910533,496424.75078851735,645.0,1976.7737359812625,2712.190956205953,1299.2905752090057
175,326289.24001646857,72807.74142023703,365449.4198880617,145.0,444.3909949120036,1991.5464643117884,396.7717339499785
176,326289.24001756054,138843.01138207482,435218.7378368899,145.0,444.3909949105164,1044.3449659917133,333.1658023748571
177,326289.24001756054,158442.6526768867,460566.57121926267,4.0,12.259061928565968,25.245727286308632,8.684955118237866
178,326289.24001756054,154420.6291020588,449928.28041536827,4.0,12.259061928565968,25.903274862041542,8.890305797864604
179,326289.24001756054,178685.39988858538,464768.07319721096,14.0,42.90671674998089,78.34999394874643,30.122551025701593
180,326289.24001646857,189214.78138048228,479888.60267707566,14.0,42.90671675012448,73.9899911511042,29.173437172503164
181,326289.24001756054,173807.05249144422,446224.4905611012,54.0,165.4973360356406,310.6893490565246,121.01532108221618
182,326289.24001865246,202523.81291888852,486240.83859166683,54.0,165.49733603508673,266.63531177752014,111.05607697700579
183,326289.24001646857,700281.7352982895,931751.1208883823,725.0,2221.954974560018,1035.297600173995,778.104778998007
184,326289.24001646857,322333.38636440015,606442.5363173055,725.0,2221.954974560018,2249.2240353296274,1195.4966160564013
185,326289.24001756054,155907.08285853325,465664.3919374043,3766.0,11541.90680574486,24155.41315346903,8087.369498731685
186,326289.24001865246,81984.141760694,380059.84484968433,3766.0,11541.906805706234,45935.712921075545,9908.965787978661
187,326289.24001646857,36638.452229585855,345488.48723444936,6223.0,19072.035595430334,169848.87792216495,18012.177626564604
188,326289.24001756054,32288.488755952585,343892.22960153164,6223.0,19072.035595366506,192731.22526840935,18095.785436066984
189,326289.24001756054,17167.836057699216,330651.9092462943,6223.0,19072.035595366506,362480.16226886015,18820.39639264458
190,326289.24001646857,47399.97446928132,334754.7129616853,5298.0,16237.127524439966,111772.21210179121,15826.513548164407
191,326289.24001756054,1345.8391095364561,326954.22413185553,1023.0,3135.2550882307464,760120.576635902,3128.8783704089415
192,326289.24001756054,15651.80060957872,334115.1403223499,1023.0,3135.2550882307464,65359.892163073935,3061.818746115555
193,326289.24001646857,22153.131901786954,340970.1430290522,1894.0,5804.6658231954125,85495.81198707271,5554.738556210251
194,326289.24001756054,237186.8596458572,505175.25530361047,1894.0,5804.665823175987,7985.265300227526,3749.193928474793
195,326289.24001865246,230522.78117776636,468551.8492466252,2129.0,6524.885711457401,9235.529734296557,4543.787423789224
196,326289.24001756054,169215.30905111085,450382.92033994856,2129.0,6524.885711479237,12581.603945520932,4727.08867022096
197,326289.24001646857,75337.11307111284,360295.6723586521,685.0,2099.364355273948,9092.464153138031,1901.2162858235076
198,326289.24001756054,66987.52795017655,368216.96243415575,685.0,2099.3643552669223,10225.784126703165,1860.316253416737
199,326289.24001756054,250273.47261511418,491193.5951065042,359.0,1100.2508080887958,1434.430889733536,730.8727222352298
200,326289.24001646857,122917.38005677113,393644.4042316315,359.0,1100.2508080924779,2920.6610150183055,911.9906091406148
201,326289.24001756054,241686.16882637207,496512.30949990504,1821.0,5580.937942979657,7534.564385056767,3667.582787291094
202,326289.24001756054,10088.744941799268,330421.9610994149,1821.0,5580.937942979657,180498.17004048824,5511.134895334972
203,326289.24001646857,42351.853894180706,359660.5486263294,3302.0,10119.855622065075,77965.89042478036,9180.879061135573
204,326289.24001865246,53785.40464110559,358703.90367516543,3302.0,10119.855621997342,61392.11970298055,9205.363995676558
205,326289.24001756054,35372.57945934213,340481.6990816264,6720.0,20595.224039990826,189977.66356632506,19736.74361390261
206,326289.24001646857,45239.539556901174,344598.52449856716,6720.0,20595.22404005975,148542.6258936113,19500.95407337689
207,326289.24001756054,4770.969960101208,327232.98394975386,2149.0,6586.181021122066,450432.51539450325,6567.186394419139
208,326289.24001756054,1242.2505934497879,326468.06270161923,2149.0,6586.181021122066,1729924.7119151112,6582.573444447806
209,326289.24001756054,1030.5717488326318,326714.1154338508,1385.0,4244.700192765967,1343914.192843771,4239.180171817273
210,326289.24001646857,28638.090745356953,343248.38183706155,1385.0,4244.700192780172,48362.16255877839,4034.978963593347
211,326289.24001756054,26995.061496445018,343559.0355390628,1109.0,3398.824919694915,41081.58820627411,3227.9750647801147
212,326289.24001646857,9616.895622060487,330200.8213286648,1462.0,4480.6871349058565,152024.11021767504,4427.608611381378
213,326289.24001865246,52011.02707316556,353133.76934130624,1462.0,4480.687134875867,28109.42375629995,4140.074178482112
214,326289.24001646857,50052.17464027416,356592.97069996374,2305.0,7064.2844363597815,46051.9451265819,6463.9524314668
215,326289.24001756054,11348.876010191454,329237.32121218496,2305.0,7064.284436336139,203103.81379883582,7001.028897676175
216,326289.24001756054,5240.646920519579,327504.6771526734,2305.0,7064.284436336139,439831.19545315084,7038.06742560038
217,326289.24001756054,57197.38229587286,367858.15781166905,1011.0,3098.4779024450486,17675.63408357151,2748.3419316137547
218,326289.24001756054,49712.07802267141,369896.16112224327,706.0,2163.7244303918933,14201.780092114146,1908.6437606111872
219,326289.24001646857,3965.1810700268798,328186.316696325,706.0,2163.7244303991347,178049.87654579268,2151.217049835965
220,326289.24001756054,479.53277876757267,326386.8561376876,126.0,386.160450749828,262755.76056307845,386.04495748090545
221,326298.65430834255,6044.13535973432,328465.5347257496,4.0,12.258708233041373,661.7985471747983,12.177837785446126
222,326298.65430725063,36061.5471639567,341145.9114432599,45.0,137.91046762217695,1247.8665930611328,131.90836674437028
223,326298.65430834255,34216.0764276312,340862.3338854167,45.0,137.91046762171547,1315.1712498414997,132.01810680298595
224,326298.65430834255,56128.83897655547,355935.60485845077,494.0,1513.9504667806098,8801.179732335806,1387.8914985098356
225,326298.65430834255,22201.487361734653,336986.1753555189,494.0,1513.9504667806098,22250.761489585293,1465.935507528854
226,326298.65430834255,65377.4889666865,359256.8656000529,264.0,809.0747433807306,4038.0871791286268,734.8502569576534
227,326298.65430834255,263239.03898729023,499258.60114595515,264.0,809.0747433807306,1002.8907604876438,528.7840798216338
228,326298.65430725063,97402.71581810438,388135.74457773013,3.0,9.194031174811798,30.799962555483344,7.729254627820562
229,326298.65430834255,11060.658511636666,331568.4149999252,3.0,9.194031174781031,271.2315904919918,9.047906447906616
230,326298.65430834255,9133.856448346103,330537.6180500913,2.0,6.129354116520687,218.96556085706234,6.050748510255525
231,326298.65430834255,30596.191056915093,340366.674040771,2.0,6.129354116520687,65.36761377517863,5.876015933805638
232,326298.65430834255,11873.483515047894,331931.0823811868,29.0,88.87563468954995,2442.4171695902696,87.36753362162285
233,326298.65430725063,38933.12800476923,352115.9655360351,29.0,88.87563468984737,744.8669420152308,82.35923058999204
234,326298.65430834255,10759.625677587019,331396.31866838015,4.0,12.258708233041373,371.76014480989363,12.070140115233743
235,326298.6543094345,16960.374789374506,334112.10488902195,4.0,12.25870823300035,235.84384482505408,11.972029571717052
236,326298.65430725063,98888.99337080115,393565.22680978884,71.0,217.59207113721254,717.9767695053117,180.4021167609772
237,326298.65430725063,198063.36733103546,476892.4352737969,71.0,217.59207113721254,358.471134550254,148.88053311065204
238,326298.65430834255,109441.6431268251,391415.9310015808,2216.0,6791.324361104921,20248.23400569759,5661.496695674991
239,326298.6543094345,249029.11618388933,468665.40236046526,2216.0,6791.324361082194,8898.557863264672,4728.3200100518725
240,326298.65430725063,196866.37867926457,448442.4246021366,2098.0,6429.6924682517165,10656.974614330004,4678.415522040249
241,326298.65430834255,122537.85982801123,411526.2885453019,2098.0,6429.692468230201,17121.23912515414,5098.094722979154
242,326298.65430834255,1381.8430456888505,326700.9515646055,2098.0,6429.692468230201,1518262.154696552,6421.774990101668
243,326298.65430725063,1249.5428395083527,326712.78499358095,1679.0,5145.592780836336,1343691.426106385,5139.0703918519375
244,326298.65430834255,1270.447443208136,326298.65430834255,951.0,2914.5078824055868,748555.1685621352,2914.5078824055868
245,326298.65430834255,41891.608329634335,351167.634469607,951.0,2914.5078824055868,22701.44398650977,2708.1083410103033
246,326298.65430725063,101506.2985902793,405708.68114301044,1097.0,3361.9507329228472,10807.211131083974,2703.9105914850084
247,326298.65430834255,112256.52215549826,399241.76508970174,1097.0,3361.950732911597,9772.260701969997,2747.7085213104538
248,326298.6543094345,258636.8643276879,491567.34223208716,665.0,2038.0102437363082,2571.1725268887344,1352.815663018616
249,326298.65430834255,61687.72933161866,352340.7156053679,665.0,2038.0102437431285,10780.10176748632,1887.3776732202014
250,326298.65430725063,42856.801487288125,352172.01133237797,470.0,1440.3982173871816,10966.75402011529,1334.575107833929
251,326298.65430834255,141677.63861101304,429336.81335719465,470.0,1440.3982173823615,3317.390130212584,1094.7116235499118
252,326298.65430834255,255927.3888280901,517048.18629924866,218.0,668.0995987007549,851.8041034929386,421.6241460207532
253,326298.65430725063,345183.2667550256,543498.8162442062,218.0,668.0995987029906,631.5485743250505,401.10482945752676
254,326298.65430834255,367321.73926904274,587845.9253568639,458.0,1403.6220926832373,1246.8633109257398,779.1157176465274
255,326298.65430834255,340601.3520806365,607328.5889041531,458.0,1403.6220926832373,1344.6805105211963,754.1222467830842
256,326298.65430725063,407244.0342793793,663274.3271391274,3572.0,10947.02645214258,8771.15365562242,5385.403676646062
257,326298.6543094345,76303.23813654366,378491.12310939096,3572.0,10947.026452069313,46813.21641432769,9437.473647083727
258,326298.65430834255,72321.50318984567,363713.7398064613,2017.0,6181.453626511113,27889.353940906443,5545.569988841451
259,326298.65430725063,9105.681062528249,331263.97974320845,2017.0,6181.453626531798,221510.06455742999,6088.79963817241
260,326298.65430725063,68.50807979609061,326298.65430725063,317.0,971.5026274717799,4627191.434112995,971.5026274717799
261,326298.6543094345,342.53023887640177,326469.9194288727,317.0,971.5026274652777,925465.7370976987,970.9929801635649
262,326298.65430725063,31735.585467498153,337246.3240493738,78.0,239.0448105451067,2457.808761079367,231.2849523856651
263,326298.65430834255,62335.53486428143,368610.0369008318,78.0,239.04481054430678,1251.2927043912218,211.60574100423793
264,326298.65430834255,3533.0719280356725,327036.57630594773,78.0,239.04481054430678,22077.10502043661,238.50543227015012
265,326298.65430834255,99940.68754635383,384529.37058441195,99.0,303.403028767774,990.5875417765409,257.4575769063849
266,326298.65430834255,25962.337989306638,348755.29204016883,75.0,229.85077936952575,2888.799923600524,215.05050019817813
267,326298.65430725063,381.2303291768794,326427.63160515367,75.0,229.85077937029493,196731.46195354842,229.75996128513984
268,326298.65430834255,12950.960378962109,332853.4451726099,3.0,9.194031174781031,231.64305288689488,9.012975660937718
269,326298.65430834255,819.7684625794382,326298.65430834255,3.0,9.194031174781031,3659.5699114361705,9.194031174781031
270,326308.0716254534,144.5683472845164,326308.0716254534,45.0,137.9064874976565,311271.4563405651,137.9064874976565
271,326308.0716265454,25462.765700928638,333973.88996175496,45.0,137.90648749719503,1767.2864184725554,134.74107213936148
272,326308.0716265454,23952.556747162216,338169.50975424674,494.0,1513.9067738580964,20624.10310575829,1460.8058554983204
273,326308.0716265454,13772.97196431286,333387.8657333913,494.0,1513.9067738580964,35867.34956551158,1481.7575886071675
274,326308.0716265454,8232.136933217174,329655.2767764184,264.0,809.0513933168775,32069.4373941648,800.8365665538925
275,326308.0716265454,12217.847338268855,328974.8533228464,264.0,809.0513933168775,21607.734381579376,802.4929484227721
276,326308.0716254534,33870.71395768463,335003.19467726926,3.0,9.193765833177101,88.5720922135849,8.955138481261644
277,326308.0716265454,520.5429155729155,326308.0716265454,3.0,9.193765833146335,5763.2135799949665,9.193765833146335
278,326308.0716265454,1991.5620650536116,327217.6762805514,2.0,6.129177222097557,1004.2368425742038,6.112139242396033
279,326308.0716265454,8703.932247733717,329512.45779638336,29.0,88.87306972041456,3331.827405659191,88.0088121521647
280,326308.0716254534,16618.159193651314,336425.7278457572,29.0,88.87306972071198,1745.0789622402317,86.20030395920188
281,326308.0716265454,16006.856821925787,337862.5217349963,4.0,12.258354444195113,249.89290805181074,11.83913498146863
282,326308.0716276374,8623.626751509406,329987.4871366712,4.0,12.25835444415409,463.8419675689088,12.121671747945147
283,326308.0716254534,38472.243577658,344358.51055065787,71.0,217.58579138519138,1845.4863402152052,206.18047129564215
284,326308.0716254534,150351.060170585,426044.94840672426,71.0,217.58579138519138,472.228130080659,166.64908307331876
285,326308.0716265454,200097.01615467927,446224.81330048107,2216.0,6791.128362084092,11074.627910927891,4966.106621479561
286,326308.0716276374,278858.4372819052,513637.5784440946,2216.0,6791.128362061367,7946.6844238239355,4314.326079319748
287,326308.0716254534,60745.698328454244,366014.6049137939,2098.0,6429.506906001853,34537.42499849185,5732.011706183513
288,326308.0716265454,3947.7369838005156,329404.19291706005,2098.0,6429.506905980336,531443.7128433617,6369.074969632371
289,326308.0716265454,4108.950906864071,328396.330797675,2098.0,6429.506905980336,510592.6178127989,6388.6219279732995
290,326308.0716254534,1754.1306844578276,327477.4920817586,1679.0,5145.444277968118,957169.2775666545,5127.069922658434
291,326308.0716265454,46087.4374765136,345838.3131216883,951.0,2914.423769107388,20634.690320646154,2749.8399220602737
292,326308.0716265454,32420.001961960777,339578.0623903009,951.0,2914.423769107388,29333.742826907685,2800.5342668660055
293,326308.0716254534,25460.665710041245,343389.08442391007,1097.0,3361.85370633176,43086.069016937065,3194.6268817495825
294,326308.0716265454,128784.70128042874,405810.95352488535,1097.0,3361.85370632051,8518.092514818838,2703.2291525682763
295,326308.0716276374,191454.5130622262,438063.1162280153,665.0,2037.9514263406177,3473.4098944111224,1518.04608825789
296,326308.0716265454,102559.93226613074,375550.22506749554,665.0,2037.9514263474375,6484.013642622195,1770.7351922914793
297,326308.0716254534,6095.08002071831,329478.9467098106,470.0,1440.3566471977458,77111.37481417514,1426.494787279849
298,326308.0716265454,61666.0277665601,360358.5724586893,470.0,1440.3566471929257,7621.700586572708,1304.256470973449
299,326308.0716265454,103683.43025475749,386567.81009755447,218.0,668.0803172086337,2102.553893754852,563.937281650496
300,326308.0716254534,132195.71154330584,418505.2100904587,218.0,668.0803172108693,1649.0701358991184,520.9015198469809
301,326308.0716265454,449382.04984092695,692069.6118920955,458.0,1403.5815838603405,1019.1773351030013,661.783138762361
302,326308.0716265454,108984.67754881165,397836.1958984492,458.0,1403.5815838603405,4202.425609736494,1151.227577384407
303,326308.0716254534,330223.4163317381,571930.3629102418,3572.0,10946.710518702868,10816.919162424314,6245.515593583875
304,326308.0716276374,88875.34943340068,392272.422384956,3572.0,10946.710518629603,40191.12186643723,9105.916695042668
305,326308.0716265454,17130.40132940337,337334.17555327964,2017.0,6181.275228485386,117743.88475872618,5979.234083507286
306,326308.0716254534,4377.685012413312,328372.94129007735,2017.0,6181.2752285060715,460745.80383938516,6142.406228953643
307,326308.0716276374,348.21189128044125,326308.0716276374,317.0,971.4745896992117,910365.2343242237,971.4745896992117
308,326308.0716254534,1837.4320847974482,326776.70694338327,78.0,239.03791166260464,42450.548591894454,238.6951038511877
309,326308.0716265454,32024.926467706857,339755.04382706643,78.0,239.0379116618047,2435.6027820595705,229.5771657173737
310,326308.0716265454,29181.015233907114,342230.67700545467,78.0,239.0379116618047,2672.970743984509,227.9164471242208
311,326308.0716265454,2124.9144556469746,327061.9233482053,99.0,303.394272493829,46590.11083335935,302.6949728250696
312,326308.0716265454,569.515459386176,326308.0716265454,75.0,229.84414582865836,131690.894011613,229.84414582865836
313,326308.0716254534,165.33410466794456,326308.0716254534,75.0,229.84414582942753,453626.9159386642,229.84414582942753
314,326308.0716265454,176.70644078657818,326308.0716265454,3.0,9.193765833146335,16977.309862877766,9.193765833146335
315,326317.49197307613,93.99729378146672,326317.49197307613,4.0,12.25800056201104,42554.41661224371,12.25800056201104
316,326317.4919719841,402.3681926881626,326317.4919719841,45.0,137.90250632308567,111837.86595894082,137.90250632308567
317,326317.49197307613,3675.019647357961,327417.3710175255,45.0,137.9025063226242,12244.832495617085,137.43925638444915
318,326317.49197307613,5128.15931239583,327277.6642137938,494.0,1513.8630694083633,96330.86062788632,1509.4216746710065
319,326317.49197307613,626.9839239078999,326630.98393503006,494.0,1513.8630694083633,787898.9893727571,1512.4101028280318
320,326317.49197307613,8131.730347471579,329968.640566804,264.0,809.0280370927286,32465.414950962586,800.0760300933862
321,326317.4919719841,16229.434972157213,330859.1393482051,3.0,9.193500421539046,184.84931885470567,9.067302798133435
322,326317.49197307613,6414.361842007402,328758.21013738716,3.0,9.19350042150828,467.7004624767376,9.125247393050072
323,326317.49197307613,38691.944746135894,345301.4481944885,2.0,6.12900028100552,51.69034570689903,5.792040579202885
324,326317.49197307613,71263.85573105143,361949.41983860184,2.0,6.12900028100552,28.06471779393983,5.525633943250488
325,326317.49197307613,259.7929826079238,326447.3884643801,29.0,88.87050407458004,111627.34154280995,88.83514166376705
326,326317.49197307613,2521.5846464522924,326547.30424680427,4.0,12.25800056201104,1586.3040749505446,12.249373821125781
327,326317.4919741681,2032.4226386740188,327243.90144998854,4.0,12.25800056197002,1968.0945901142177,12.223298836972535
328,326317.4919719841,29412.628072428473,339573.6800398027,71.0,217.57950997642408,2413.929140407406,209.08569825458153
329,326317.4919719841,64755.228621207934,363846.56317700644,71.0,217.57950997642408,1096.4365582788917,195.13720118735728
330,326317.49197307613,105741.56703639473,403444.8092063474,2216.0,6790.932311354116,20956.75392475775,5492.696769006133
331,326317.4919741681,105381.00511860821,379641.52370685415,2216.0,6790.932311331391,21028.457619149223,5837.085412477475
332,326317.4919719841,6197.799709261848,328912.7703365575,2098.0,6429.321294796306,338507.2281159389,6378.590888560627
333,326317.49197307613,1268.4728079769018,326720.05782672414,2098.0,6429.32129477479,1653957.409892072,6421.399451124833
334,326317.49197307613,10260.255202286335,329914.7761896426,2098.0,6429.32129477479,204478.344703599,6359.218050888455
335,326317.4919719841,26680.484174989444,336507.3325313716,1679.0,5145.295735921352,62929.89246326765,4989.490087391993
336,326317.49197307613,3623.2244182827553,326947.84931514255,951.0,2914.3396336181245,262473.3911598915,2908.7207699700703
337,326317.49197307613,24516.295833664237,338134.3710031499,951.0,2914.3396336181245,38790.52555297308,2812.4913689745576
338,326317.4919719841,23990.981604257173,339342.3022473927,1097.0,3361.7566541427777,45725.515449744606,3232.7239861779676
339,326317.49197307613,26555.46735764921,342911.03550395876,1097.0,3361.7566541315273,41309.7606314209,3199.0804798328973
340,326317.4919741681,140259.85458386329,400121.10259982885,665.0,2037.8925934275157,4741.199839205504,1661.9968196605796
341,326317.49197307613,10643.290171049692,330628.38355719025,665.0,2037.8925934343354,62480.67931181985,2011.3215715037727
342,326317.4919719841,56922.78293069539,351528.4090014678,470.0,1440.3150660411172,8256.799400904805,1337.01853951166
343,326317.49197307613,71152.2006329444,378899.60569146194,470.0,1440.3150660362971,6605.558167126933,1240.434122760004
344,326317.49197307613,129067.67327462714,411955.0271243475,218.0,668.0610306296016,1689.036413759042,529.1839779738804
345,326317.4919719841,31162.556813360192,342329.51170650736,218.0,668.0610306318373,6995.574891548622,636.8133407875744
346,326317.49197307613,13199.742796015777,332420.41073777794,458.0,1403.541064350264,34697.645785813584,1377.7734014091047
347,326317.49197307613,116873.2153098385,393212.46347320604,458.0,1403.541064350264,3918.7764175548023,1164.7647074930744
348,326317.4919719841,153185.47958669698,427125.98806657275,3572.0,10946.394501912491,23318.137003829976,8362.87207942791
349,326317.4919741681,35408.0863718272,341325.2923818657,3572.0,10946.394501839228,100880.91071880398,10465.0902811027
350,326317.49197307613,17075.393735053898,338952.90746798785,2017.0,6181.096783394067,118123.19125967337,5950.679152060361
351,326317.4919719841,11487.494513825222,332305.3454588719,2017.0,6181.096783414751,175582.23836995408,6069.718791958572
352,326317.49197307613,22111.024540650815,337259.53907256515,492.0,1507.7340691273578,22251.343400911377,1458.8171511855762
353,326317.49197307613,7801.471559072304,328181.1990375722,492.0,1507.7340691273578,63065.02513975775,1499.171803390458
354,326317.4919719841,3508.2218891071693,328071.60291653767,1104.0,3383.2081551263686,314689.331204465,3365.1190477490386
355,326317.4919741681,10754.354302193702,329123.6561563288,317.0,971.4465445361241,29476.432623698987,963.1638263322822
356,326317.4919719841,10344.285141847628,330093.2144135115,78.0,239.03101096001518,7540.395390344795,236.29689007265844
357,326317.49197307613,2883.9340059003544,327319.02086129674,78.0,239.03101095921525,27046.38866229835,238.2996252242027
358,326317.49197307613,17652.957723326184,334873.73822541995,78.0,239.03101095921525,4418.523015943822,232.92360999504348
359,326317.49197307613,36002.61781449522,350980.18376756244,99.0,303.38551390977324,2749.800042599709,282.0672065792837
360,326317.49197307613,3024.0438791196552,327224.2467255874,75.0,229.83751053770698,24801.227428562852,229.2006193015872
361,326317.4919719841,1898.0013822860951,326608.2369273095,75.0,229.83751053847615,39515.2504629182,229.63291038092262
362,326317.49197307613,1086.2951050792858,326317.49197307613,3.0,9.19350042150828,2761.680491767509,9.19350042150828
363,326326.91535000823,97.55709313198945,326326.91535000823,59.0,180.80028714983075,604774.0672241659,180.80028714983075
364,326326.91535000823,1255.9832432316857,326871.20393051463,134.0,410.6311606453783,106689.32147152987,409.94739943040486
365,326326.91535000823,220.2080293375431,326344.0362729637,134.0,410.6311606453783,608515.5041944442,410.6096177836033
366,326326.91535000823,22201.508805908667,330632.715272454,10.0,30.644116466073008,450.41983801292906,30.24504091121055
367,326326.91535000823,3014.735024166581,327027.25955551857,10.0,30.644116466073008,3317.041106378656,30.578490654239562
368,326326.91534891614,7102.045702258811,328184.71636270464,81.0,248.21734337602206,11405.164567476368,246.81222482792302
369,326326.91535000823,43377.649695323504,342003.50912401575,81.0,248.21734337519138,1867.321087447772,236.8396751468072
370,326326.91535000823,7853.608973974257,328560.2222142668,40.0,122.57646586429203,5093.199843862141,121.74328264823993
371,326326.91535000823,4651.601580351564,327305.78953136824,40.0,122.57646586429203,8599.18875446268,122.20987614448076
372,326326.91535000823,4294.785960185945,327131.9231603698,74.0,226.76646184894025,17230.19509842957,226.20843384863727
373,326326.91534891614,11578.667372088856,329797.1873023074,74.0,226.76646184969917,6391.0636364234715,224.38032478478408
374,326326.91535000823,8231.982280374992,329013.07008741575,86.0,263.5394016082279,10447.058444844275,261.3877922149129
375,326326.91535110027,53207.84776563408,363282.07488381467,86.0,263.53940160734595,1616.302925440742,236.73064526375168
376,326326.91534891614,119656.7518755093,424553.5954274648,332.0,1017.3846666770287,2774.603144379285,781.9978527463027
377,326326.91534891614,29634.34642597944,342177.3528761185,332.0,1017.3846666770287,11203.216538932902,970.2570822102213
378,326326.91535000823,92813.84765170334,383525.1012570722,805.0,2466.8513755188774,8673.27473612421,2098.9499705794183
379,326326.91535110027,32805.01164551517,344211.29329107853,805.0,2466.851375510622,24538.93352328844,2338.6798042075293
380,326326.91534891614,2888.9280444676383,327187.5600140384,2678.0,8206.494389641815,926987.4357474669,8184.907763256943
381,326326.91535000823,23345.531451123145,338562.9486684349,2678.0,8206.494389614352,114711.46011847002,7909.902753779024
382,326326.91534891614,18521.966517563105,334271.2162004543,830.0,2543.4616666925717,44811.65643037785,2483.013672054459
383,326326.91535000823,12753.534946579535,331586.66489311727,144.0,441.2752771114513,11290.987212813528,434.2756064886281
384,326326.91535000823,12638.003987089774,331532.0441295888,144.0,441.2752771114513,11394.20434960313,434.34715452034396
385,326326.91534891614,12436.185928925785,332670.201311806,462.0,1415.758180737311,37149.65365107779,1388.7627992474609
386,326326.91535000823,1994.0469252910111,327151.8668979253,462.0,1415.758180732573,231689.63284681767,1412.188181533895
387,326326.91535110027,16732.49753568947,334989.2529697793,274.0,839.6487911675906,16375.319907597388,817.9366877322437
388,326326.91534891614,239.69411642904512,326326.91534891614,341.0,1044.9643714965866,1422646.517487398,1044.9643714965866
389,326326.91535000823,8446.132361617229,328780.24914500903,341.0,1044.9643714930896,40373.50889143618,1037.1669249803429
390,326326.91535000823,40589.33184905125,344993.9980416412,229.0,701.7502670730719,5641.876561349525,663.7796637040608
391,326326.91534891614,53235.848634334405,359301.9157158274,229.0,701.7502670754204,4301.612651522694,637.3470053555644
392,326326.91535000823,42937.30630942672,346784.25782109995,155.0,474.98380522413163,3609.9143919973935,446.9637721558914
393,326326.91535000823,107389.11963713272,397094.0490850165,155.0,474.98380522413163,1443.3492007732646,390.3357412611717
394,326326.91534891614,106406.33985152059,405905.69957326516,887.0,2718.1331305497724,8335.969466083692,2185.2366225271453
395,326326.91535110027,25736.102699357925,341886.9961652033,887.0,2718.13313053158,34465.20284604433,2594.4245026839003
396,326326.91535000823,561.5342429945009,326373.8974896554,478.0,1464.7887670782898,851239.2716265409,1464.5779079656652
397,326326.91534891614,5672.943461229415,328628.41225661116,478.0,1464.788767083192,84259.60936624775,1454.5303515228356
398,326326.91535000823,15049.062507739674,333975.7488648342,126.0,386.1158674725199,8372.61456886093,377.27290208426
399,326326.91535000823,1389.5520525086781,327024.28568759124,126.0,386.1158674725199,90676.70388635053,385.29248595429624
400,326326.91535110027,4.984071837585205,326326.91535110027,172.0,527.0788032146919,34509935.97302049,527.0788032146919
401,326326.91534891614,1335.2965564059268,326429.63173171494,212.0,649.6552690829219,158766.22985579883,649.450844506169
402,326326.91535000823,228.95927477980013,326326.91535000823,212.0,649.6552690807478,925928.8587627185,649.6552690807478
403,326326.91535000823,2155.034733420613,327499.4265324794,212.0,649.6552690807478,98374.28451257471,647.3293777782391
404,326326.91535000823,55275.66917471326,363280.1443376568,14.0,42.90176305250221,253.2759930187245,38.537751699931796
405,326326.91535000823,23368.078865174895,338136.06373651687,70.0,214.50881526251106,2995.539359648429,207.0172557948316
406,326326.91534891614,17167.705906728515,334901.6661626103,70.0,214.50881526322894,4077.4230628313007,209.01657731977886
407,326326.91535000823,153.90860614400566,326326.91535000823,33.0,101.12558433804092,214412.96121623841,101.12558433804092
408,326336.3417546945,235.026270082456,326413.260147077,67.0,205.30964966924702,285074.51518714865,205.26126901159222
409,326336.3417557866,455.83494031667107,326447.450793226,67.0,205.30964966855993,146983.02844765416,205.23977086418802
410,326336.3417557866,182.38060398106427,326336.3417557866,6.0,18.38593877628895,32898.23516881736,18.38593877628895
411,326336.3417557866,772.3717709324394,326505.91937729716,6.0,18.38593877628895,7768.279766046538,18.376389657630188
412,326336.3417557866,6383.0919739307865,327116.0967250729,31.0,94.99401701082624,4856.5804983865555,94.7675773535968
413,326336.3417557866,3380.508394025073,326756.74800306786,31.0,94.99401701082624,9170.218318283542,94.87179741337414
414,326336.3417546945,9573.23140597519,328662.87865680706,17.0,52.09349319965969,1775.7849235096676,51.724734078507126
415,326336.3417557866,27991.14643809912,335528.49647933594,17.0,52.09349319948536,607.334895610459,50.66633737038479
416,326336.3417557866,6530.998539589507,329185.2357806762,15.0,45.964846940722374,2296.7391447223927,45.56704970205267
417,326336.3417557866,1827.2376423987525,326336.3417557866,15.0,45.964846940722374,8209.112844407238,45.964846940722374
418,326336.3417557866,655.1753616663717,326663.9294366198,91.0,278.85340477371574,138894.11190395008,278.5737628177771
419,326336.3417546945,826.5685746937752,326527.5716840172,91.0,278.85340477464894,110093.70884165712,278.69009508349046
420,326336.3417557866,2281.9905602786716,326956.1144481504,423.0,1296.208683728371,185364.4828172927,1293.751611631293
421,326336.34175687865,8031.062192411307,332510.4355586207,423.0,1296.2086837240333,52670.49237891598,1272.1405248209908
422,326336.3417546945,9407.239793768787,334068.66176562686,331.0,1014.2909558286681,35185.66628005479,990.8142782701966
423,326336.3417546945,20233.565267766862,335332.9549416588,331.0,1014.2909558286681,16358.955805346894,987.0786486153362
424,326336.3417557866,56639.43445082493,352982.7688627085,322.0,986.7120476608403,5685.085014038487,912.2258319789
425,326336.34175687865,19254.517882000127,335409.9635759251,322.0,986.7120476575384,16723.347838328278,960.019185378524
426,326345.77119118883,363.41141499997264,326442.67849143286,6.0,18.38540753293511,16510.21336245162,18.379949667510964
427,326345.77119118883,2499.7860508204826,326705.85800179304,31.0,94.99127225349805,12401.061278754294,94.8865753115142
428,326345.77119118883,2741.243228466455,326585.4319223631,31.0,94.99127225349805,11308.737465570488,94.92156406832444
429,326345.7711900967,19605.8238144347,329254.98292789084,17.0,52.09198801015714,867.0892975934948,51.63171669818926
430,326345.77119118883,9065.689787966247,330929.23157932487,17.0,52.091988009982806,1875.202041720611,51.37049972548297
431,326345.77119118883,134.85941820941537,326345.77119118883,15.0,45.96351883233777,111226.9369033416,45.96351883233777
432,326345.77119118883,1720.0554095468217,327205.79889596225,91.0,278.8453475828491,52905.272408622885,278.1124304857879
433,326345.7711900967,171.3176751874753,326345.7711900967,91.0,278.8453475837823,531176.948907446,278.8453475837823
434,326345.77119118883,89.96047371007162,326345.77119118883,423.0,1296.1712310719251,4702065.057630333,1296.1712310719251
435,326345.7711922809,970.4052247734339,326699.08759203344,423.0,1296.1712310675875,435900.37357719324,1294.7694562533418
436,326345.7711900967,2347.4482149614664,326614.71742315165,331.0,1014.2616489036477,141004.1754660958,1013.4264696075129
437,326345.7711900967,28118.943661819354,339629.19424898265,331.0,1014.2616489036477,11771.423705700601,974.5923071540883
438,326345.77119118883,36214.50322148486,344536.1337877102,322.0,986.6835376008507,8891.465334500796,934.5899266356889
439,326345.7711922809,4611.134170939686,327052.1845289048,322.0,986.6835375975489,69830.97608161352,984.5523596297572
440,326345.7711900967,328.86138316950496,326474.45652978146,476.0,1458.5756642843999,1447418.3481575137,1458.000742415138
441,326355.2036572516,575.0225481407612,326355.2036572516,6.0,18.384876149550802,10434.373433528812,18.384876149550802
442,326355.2036572516,3372.9563791758005,327614.429439103,31.0,94.98852677267915,9190.750343345682,94.62342685294416
443,326355.2036572516,18807.438460689795,332173.4827130099,31.0,94.98852677267915,1648.2840055435715,93.32472823179349
444,326355.20365615946,10538.027653202835,328619.16220667283,17.0,52.0904824239016,1613.2051043568074,51.73161505812762
445,326355.2036572516,3841.506815713697,327044.0703740008,17.0,52.09048242372727,4425.346827568141,51.98076204396292
446,326355.2036572516,160.49260585654025,326355.2036572516,15.0,45.96219037387701,93462.24967777064,45.96219037387701
447,326355.2036572516,844.2894837295396,326777.34839911637,15.0,45.96219037387701,17766.418141014194,45.902814480517286
448,326355.2036572516,7792.508868262153,330132.22789908777,91.0,278.8372882681872,11677.882122230343,275.64712654414393
449,326355.20365834376,1424.9415573889128,327071.71074325795,423.0,1296.133768538994,296854.2799573566,1293.294363608362
450,326355.20365615946,6756.679415789356,329680.4620890376,331.0,1014.2323342536134,48988.560745756586,1004.002475313827
451,326355.20365615946,23450.48110076548,334214.5849629478,331.0,1014.2323342536134,14114.849012167831,990.3816736085764
452,326355.2036572516,6935.8524414784615,328124.7457975743,322.0,986.6550200258931,46425.43980237298,981.3340935847833
453,326355.20365834376,3289.7706446891243,326841.30423229607,322.0,986.6550200225912,97879.16386202305,985.1875997017341
454,326355.20365615946,1276.0376365530426,326467.44035987195,476.0,1458.5335078692447,373029.7495658652,1458.0320765687848
455,326364.63915449334,895.8004800955761,326812.5393945411,197.0,603.6193152247258,219915.0417724507,602.7920482028193
456,326364.63915340113,632.339178270011,326680.8087425361,2.0,6.128114875398435,3162.859536035253,6.122183937582453
457,326364.63915340113,7748.083051561766,329300.6638185661,1.0,3.0640574376992173,129.06418185572133,3.036738488176772
458,326364.63915449334,1162.6774622615685,326812.8230035498,1.0,3.0640574376889633,860.0837570678128,3.0598554573519228
459,326364.63915449334,215.41565124032704,326364.63915449334,4.0,12.256229750755853,18568.75290615456,12.256229750755853
460,326364.63915449334,4137.189801268872,328215.6006932417,4.0,12.256229750755853,966.8398580053553,12.187111129243663
461,326364.63915449334,181.27155088842744,326364.63915449334,164.0,502.50541978099,904720.0136823562,502.50541978099
462,326364.63915340113,2277.9634595615416,327123.82470603485,421.0,1289.9681812713707,184814.20245478096,1286.9744366015702
463,326364.63915340113,14520.515256570789,331958.2620238309,421.0,1289.9681812713707,28993.461496450003,1268.2317271855607
464,326364.63915449334,3303.0538854128768,327126.9412392007,76.0,232.86836526436122,23009.010036328884,232.32571341296995
465,326364.6391555855,9703.913943373658,327496.94594046177,76.0,232.86836526358195,7831.891383568667,232.06323277841082
466,326364.63915340113,1118.8164979398694,326526.20667603903,287.0,879.3844846196754,256521.06536547048,878.9493588327667
